<patchs>
<!-- Adding sound banks to audio_mods.xml -->
<patch>
  <type>xml</type>
  <mode>add</mode>
  <patchPath>app</patchPath>
  <file>\res_mods\versiondir\audioww\audio_mods.xml</file>
  <path>//audio_mods.xml/loadBanks</path>
  <search></search>
  <replace>bank/AW_Weapons.bnk</replace>
</patch>
</patchs>

<patch>
  <type>xml</type>
  <mode>add</mode>
  <patchPath>app</patchPath>
  <file>\res_mods\versiondir\audioww\audio_mods.xml</file>
  <path>//audio_mods.xml/loadBanks</path>
  <search></search>
  <replace>bank/AW_Gun_Reload.bnk</replace>
</patch>