<patchs>
<!-- Adding sound banks to audio_mods.xml -->
<patch>
  <type>xml</type>
  <mode>add</mode>
  <patchPath>app</patchPath>
  <file>\res_mods\versiondir\audioww\audio_mods.xml</file>
  <path>//audio_mods.xml/loadBanks</path>
  <search></search>
  <replace>bank/AW_enemy_spotted.bnk</replace>
</patch>
<patch>
  <type>xml</type>
  <mode>add</mode>
  <patchPath>app</patchPath>
  <file>\res_mods\versiondir\audioww\audio_mods.xml</file>
  <path>//audio_mods.xml/events</path>
  <search></search>
  <replace>event/name/enemy_sighted_for_team</replace>
</patch>
<patch>
  <type>xml</type>
  <mode>add</mode>
  <patchPath>app</patchPath>
  <file>\res_mods\versiondir\audioww\audio_mods.xml</file>
  <path>/audio_mods.xml/events/event[name = &quot;enemy_sighted_for_team&quot;]</path>
  <search></search>
  <replace>mod/AW_enemy_sighted</replace>
</patch>
</patchs>