<?xml version="1.0" encoding="utf-8"?>
<IncrementalBankBuild Version="6" Flags="3329017532">
	<Platform GUID="{669252ED-7E98-477F-AA28-8A0328562A21}">
		<Banks>
			<Language ID="393239870">
				<File Name="Init" Hash="3847917583" Timestamp="1537915098"/>
				<File Name="damaged_modules" Hash="3705572298" Timestamp="1538427706"/>
				<File Name="damages_modules" Hash="3409441529" Timestamp="1538426863"/>
				<File Name="voiceover" Hash="2917541663" Timestamp="1538279447"/>
			</Language>
		</Banks>
	</Platform>
</IncrementalBankBuild>
